,A,B,C,D
2000-01-01,2.3025048540246957,-0.15892132195721714,-0.2617269424239357,0.04890018040931287
2000-01-02,1.5717299119784882,0.6864742662875183,0.1505785864314429,1.448165748529776
2000-01-03,2.1615015068926775,1.237173574514426,-0.6451308496047443,0.8391984807773247
2000-01-04,3.5217206878892857,0.8501508252541259,-0.6850743310031926,2.607540602962631
2000-01-05,3.2727284312120166,0.4445095567545638,-0.37054563151382003,3.063653493616462
2000-01-06,2.928973065639595,2.1334332436950874,0.6541518798036472,3.3467100379964454
2000-01-07,0.10496219202374935,2.342051583756343,1.2304790804272892,1.921949435752081
2000-01-08,-0.30445760264136323,1.5877055732194925,0.4977798966709168,2.5356264215480167
2000-01-09,-0.9040916301890806,1.3623797870528862,1.5408501103595382,1.5198522787058215
2000-01-10,-2.015538777235627,0.6290520889883535,1.4329614176358503,1.5551033648986559
2000-01-11,-2.0637416653452596,0.4843506770375109,3.695466854511909,2.064544400233264
2000-01-12,-4.282503216833993,1.5496550603314376,2.463003795481839,1.546712775848687
2000-01-13,-5.301683717443371,2.205404857990704,1.797856872627487,1.8573269643368613
2000-01-14,-7.816255169878339,2.2870327031982,0.8097863775730506,1.4940403004910223
2000-01-15,-6.595640360723705,0.9120968401168217,1.7190749551520987,2.5566845090805312
2000-01-16,-5.9581667536049885,0.9969297523994024,1.2370322817298107,2.2836229162382216
2000-01-17,-6.720683891702264,2.735837270568107,1.7246128426007878,4.108706665278279
2000-01-18,-8.20276062991431,3.635882942827228,1.330443587452939,2.543055919452498
2000-01-19,-8.762843629378523,3.703477266934339,0.38719455930134794,2.821962034778771
2000-01-20,-8.856632682091446,4.076497741845681,1.1086220528121524,3.403603924879542
2000-01-21,-8.526090577294395,3.4121100662351482,0.34497984923039593,2.5427843275710824
2000-01-22,-8.280312773265662,4.552902815601655,0.3432507125716941,3.5547355813090715
2000-01-23,-7.770172209476858,4.2452786209203985,0.6239904590555341,3.1260231589541347
2000-01-24,-7.922525322335261,4.507959589512373,0.6836029647323696,5.0099437017855255
2000-01-25,-8.926904272457481,4.137017377496482,-0.3570772916091609,4.754723302588967
2000-01-26,-10.346612967214714,2.7757007603754653,-0.09746666062195508,4.628757849480678
2000-01-27,-11.636686100806632,3.1789647276646837,-2.0701767561413384,7.317797056675419
2000-01-28,-11.949990823366429,4.053809330042498,-2.034908328999919,4.94739562394426
2000-01-29,-10.824793398346145,3.6722311103385525,-1.6452485522112346,4.973864014062708
2000-01-30,-10.520030742539193,4.455234780798587,-2.5550868454547118,4.859378797457757
2000-01-31,-10.544315660882047,3.188845133515871,-2.857439348357926,4.463765344015636
2000-02-01,-10.355477660609253,2.6971114990859713,-2.278344103777316,6.159971324072956
2000-02-02,-8.763027500124958,2.331694890362534,-1.8311210459412848,7.053663530653598
2000-02-03,-8.116319299693675,2.526296514655276,-0.2938358365345395,4.979060563824563
2000-02-04,-7.749388166959389,3.9555725073675845,-1.3333070364822102,4.593621227715183
2000-02-05,-8.825949593518263,4.452058925647808,-1.3714431842525787,5.225847441535958
2000-02-06,-7.122170154018681,5.093229328023055,-0.3113095117772773,5.24513776188733
2000-02-07,-6.234236725265825,5.126752059270419,-0.04495877719609298,4.809347521339983
2000-02-08,-5.349856895273584,3.8534388397683497,-1.2466294488668743,6.639029782907423
2000-02-09,-4.772984065529464,4.428497581577544,-0.2956147540919831,7.1489307685642185
2000-02-10,-3.9038789624152774,1.163565748539304,0.4327802328065795,7.983532244444828
2000-02-11,-2.031963322682551,2.1138256634534387,1.402769625468502,6.937032702296824
2000-02-12,-3.253838490951261,0.25111998269551816,1.298963656997371,6.862086741865443
2000-02-13,-2.9742633420638755,1.046733650355664,1.7532605287736351,7.806516481873247
2000-02-14,-3.5236880482228488,0.9630748550647767,3.0569052328940645,6.569214225825737
2000-02-15,-2.34183951570403,1.077283519481513,2.9836500679642013,6.8346225169990165
2000-02-16,-3.656542426094372,-0.9486668626996009,4.4302569479170755,7.8927150470737075
2000-02-17,-3.1891966267970493,0.9682896964802825,5.298000489426122,8.827458418855677
2000-02-18,-3.42834417888622,0.2246114558475779,6.555919152989799,7.852159517199026
2000-02-19,-3.6105191948068285,-0.2597092844792836,7.281884915922406,9.0450111492969
2000-02-20,-4.1483732768095045,-1.4687137354914033,6.205263351277066,9.774052229628666
2000-02-21,-4.440835083930449,-0.06039192525309223,6.434223168859884,11.941584131275352
2000-02-22,-2.875935115536488,0.10611265633635536,5.6007321868550735,9.770433993249243
2000-02-23,-3.728722167766938,-0.5633714072530217,5.1993810857051965,10.158036039043061
2000-02-24,-3.9054167360245766,1.440810657957209,5.755357017347139,8.274133621903744
2000-02-25,-3.094941971951039,0.48404742780018384,5.7253823109899065,8.830272528573037
2000-02-26,-2.6710049400483995,-0.11523484242830062,7.786133374717785,9.87960262524604
2000-02-27,-3.489054561256665,0.7310853044797423,7.675536074820891,10.706261241386308
2000-02-28,-2.9879627308747745,-0.5554420579641666,8.10161372976447,11.028793687450948
2000-02-29,-2.7636076859555967,0.32357301424018403,7.98474023828267,10.7456574757048
2000-03-01,-2.5920952052136936,0.8116567057481041,8.14250830826286,10.81311601808037
2000-03-02,-2.4725358970792426,-0.5453825227991058,8.07907277684323,10.7601378445233
2000-03-03,-1.1564262705302144,-0.06416394401628533,7.744056013049183,11.197420036921947
2000-03-04,-1.2229226849789028,0.5301317279394768,6.912830245250251,10.088794085838156
2000-03-05,-0.004361939490887146,-0.6019730086202764,7.6982163053655634,11.566076591480478
2000-03-06,-1.4292719075246152,0.050322124661447365,8.489057202414342,12.304730803511044
2000-03-07,-1.1671363069619407,0.7045778803625219,6.939881278444579,13.272795799216697
2000-03-08,-1.4147961198126349,0.8893107149742636,8.876636502714433,12.072007162599453
2000-03-09,-0.6390035166320704,1.1198631751863644,9.015263837023427,12.012548716704073
2000-03-10,-2.1461726849229814,2.1545857841325042,9.011933155873738,11.813471927406667
2000-03-11,-3.765036040626831,1.0004414482617285,9.180114428405608,10.94623506109868
2000-03-12,-2.4373764287709756,1.2300550011251747,10.409467252116036,10.712459797090007
2000-03-13,-4.041500016256224,-0.16071070959503975,10.670199970830515,9.223903805828144
2000-03-14,-5.7498329849146845,-0.7461866389415961,10.80085401993053,7.155219487742157
2000-03-15,-6.00183194249426,-1.9177834747839682,12.534154551853517,7.911031094847462
2000-03-16,-6.339932504293291,-1.3755766355172652,13.488133927337845,8.471799925181637
2000-03-17,-6.200007766343544,-3.064972656275114,14.446460140036407,9.171925822299697
2000-03-18,-7.30206088056314,-4.411154274351921,15.456563857393842,11.225268413746237
2000-03-19,-6.837422271861254,-2.8984552056971054,14.857354611097039,11.22358473403062
2000-03-20,-7.6201603484293585,-2.788735456609126,15.39920426204787,9.700671765030327
2000-03-21,-9.120898828582561,-1.132182644930667,15.516495798848116,10.179686012259754
2000-03-22,-10.73186174693108,-2.8897786739137876,17.06504518937029,9.515127219061773
2000-03-23,-10.957343517036053,-3.1323324234139855,17.008019967152787,8.236064375332894
2000-03-24,-12.12090922212603,-2.0290243995993276,16.58518458896279,9.254458372948262
2000-03-25,-12.060205933690192,-2.979442755187558,16.90420551696204,9.189932783297941
2000-03-26,-12.856594286625718,-2.151018067126186,15.791897328147895,8.608395779739336
2000-03-27,-12.000826393925243,-2.5990074437157675,15.192672620132974,6.104440805661465
2000-03-28,-10.811641952390378,-1.3991830141890738,11.984537230738527,6.348667427702202
2000-03-29,-9.81113865491028,0.13907288922640304,10.897690870955923,5.650073927928806
2000-03-30,-11.352823560319035,-2.4375836947349807,10.798853124927998,4.529809580684936
2000-03-31,-11.098032277792651,-2.162961552748193,11.272338269697878,4.060294113561157
2000-04-01,-10.838939975762752,-2.7582597100773465,11.98359697966595,4.8090951733282825
2000-04-02,-11.169349453165006,-2.3114332321163675,12.952872182097543,4.728305333140743
2000-04-03,-9.206269507006976,-1.6770509407346599,12.318901366365445,4.708155174462004
2000-04-04,-9.421730678776543,-1.8254808742667286,12.176679707769106,3.0709441619966924
2000-04-05,-8.82470109909251,-2.4888624093971172,12.745710436822105,3.767678970623754
2000-04-06,-9.178726290909001,-0.5974909491669684,12.394870640917183,3.999087540508524
2000-04-07,-8.788394221152705,0.10378997695275294,13.735630819900878,4.778631864105215
2000-04-08,-8.773441014587458,0.7482047935573377,15.07708418154228,5.018515251908342
2000-04-09,-11.143376987754685,0.9792105839554525,14.244436057441035,5.062524904116209
2000-04-10,-11.611144959101805,0.30841364981642005,16.247610541802587,4.015798124654426
2000-04-11,-13.184579472180497,-1.432752298517129,15.947461260959265,2.7081251363971974
2000-04-12,-12.059134090668525,-1.2999897362259525,16.224376794734763,3.5811684941924042
2000-04-13,-11.244443247828269,-0.8413066543825638,14.729210547702728,3.7183553495376014
2000-04-14,-11.559969135460596,-0.33349003124707044,16.665487979533943,2.6785720828413124
2000-04-15,-12.213354662297663,-1.200101796756945,15.173032471050881,2.8783978973204962
2000-04-16,-12.957165982338681,-4.071055238705775,14.989546850409356,3.8384216629209975
2000-04-17,-13.91472920815037,-4.481327593627532,14.586146338866284,3.657291572170157
2000-04-18,-13.634473878586691,-4.910471642610959,14.855134941139998,4.521610605018699
2000-04-19,-11.49380294255534,-4.077221244062739,16.54514340157061,4.9520857604939135
2000-04-20,-11.022375976905064,-4.156697056447105,15.704711282795905,4.418906905271141
2000-04-21,-10.319439063737365,-3.66779650223321,15.50502294749607,6.078505632741124
2000-04-22,-9.104615284304241,-4.913419674048524,15.354971722061022,5.753235078110712
2000-04-23,-10.052233912427287,-5.977284916526125,16.252509980021646,5.822401111182664
2000-04-24,-8.99768601366456,-4.577117999510111,16.657788738257874,6.8414443828156095
2000-04-25,-8.98463569319405,-5.908612698148428,15.796315758260238,7.514346048841475
2000-04-26,-8.501057757958588,-5.535410320547163,15.365659239170691,7.155443993703987
2000-04-27,-8.711164139331245,-3.957531650696887,14.685604508943747,7.5672102449918155
2000-04-28,-6.937612591576461,-4.911386170884346,14.78486286947165,8.125996495629094
2000-04-29,-5.905445563915258,-4.579209321893449,16.72860597154467,9.29820992732403
2000-04-30,-5.950172217619845,-3.48904595364354,17.545764419065968,10.454265837092528
2000-05-01,-5.5389630125733005,-1.0908907228020706,18.683531129523953,11.260141369330782
2000-05-02,-4.242112057801127,-1.509598564592035,19.024916962759878,10.23613514210967
2000-05-03,-4.6727126042488,-1.1442334290516931,17.82689062677894,8.8684182806978
2000-05-04,-3.5407897905039536,-1.3035817200073254,18.46529624703258,8.556883421165562
2000-05-05,-4.668127205380445,-0.12971405346658926,19.25529663867407,7.31719551116912
2000-05-06,-3.322424324198688,-0.710525325864922,18.91735746087748,7.120384631322293
2000-05-07,-2.3982048261950335,-0.8083792738618277,19.98101672476062,7.54090459302008
2000-05-08,-2.55136048782915,-0.42464250168224477,18.892950523605272,8.29226281368958
2000-05-09,-3.1847625178207286,0.8864705605243342,19.140962126938085,7.751074627477627
2000-05-10,-2.8561102674938526,1.6997758131718745,18.965950313531685,5.676316483936645
2000-05-11,-2.914306197035391,1.3422627358846866,19.326428469172434,6.019286013150246
2000-05-12,-3.0568999877167293,0.3524995350673016,17.891523199375875,5.621766468561166
2000-05-13,-3.775759765203021,-1.7887175557930308,17.160418548658257,5.74409091005092
2000-05-14,-4.119779900836716,-2.21309512754842,16.1535888570075,4.692177001290631
2000-05-15,-3.29737752838264,0.16351665246453617,16.242822461803193,4.598847469055504
2000-05-16,-4.065743330109664,-0.17448167467628983,16.990623457496238,3.2052480187125694
2000-05-17,-3.68402318347151,0.21427130928087523,18.144624414961335,2.9387445332783564
2000-05-18,-1.649475656941628,-0.028864382273607547,19.34940909383721,5.005098728558659
2000-05-19,-1.5061293301902188,-2.090385679435848,20.23671467150175,5.293230928848985
2000-05-20,0.301559408662194,-2.205889713661043,18.98642042928539,5.840154533684494
2000-05-21,-1.3311686107060852,-4.831993313914297,17.828844863127312,7.024857930881525
2000-05-22,0.44775638302008414,-4.416837416453968,17.205010099617464,7.117471112960898
2000-05-23,-1.3723160438187034,-4.1324915685459285,16.59074817622457,6.16032430560757
2000-05-24,-0.2544270777711648,-4.098700451109277,17.735010301117338,4.6868527825941335
2000-05-25,-0.3463536678461398,-4.114230758056938,18.719236995585863,4.2480152719984545
2000-05-26,-0.24125561000723872,-4.831468290290149,19.13275970041408,4.689092518137891
2000-05-27,0.8238448488943202,-4.121467394012872,18.744672462193925,5.220458217461259
2000-05-28,2.0163707100832235,-4.131551378830293,17.81190506895259,4.4187494981070365
2000-05-29,0.6911954916661172,-5.920999710178625,18.07987564609165,3.870602620531651
2000-05-30,0.7083216087329285,-6.483781872228155,18.3172059097852,5.203417645587613
2000-05-31,-0.16521973465266904,-6.999531256003035,17.192549371076385,4.707961730661277
2000-06-01,-1.2183496454071383,-7.781169526063257,16.576853693250936,5.361257359282904
2000-06-02,-1.3054300552978477,-7.312529280159479,17.690330318235848,6.866229155718638
2000-06-03,-1.4250427482915575,-6.848942203790582,18.846944330419262,7.830326657829381
2000-06-04,-3.26322623703759,-8.382947015411142,18.401371645633482,9.817772960971789
2000-06-05,-5.339438557208819,-8.388341235516133,18.386114485383803,10.75844036499385
2000-06-06,-4.243875812169216,-9.314822602202394,18.558888918932468,9.780126052620455
2000-06-07,-3.1760284507056,-6.967647205218713,17.83873447977275,10.205512301331522
2000-06-08,-2.2163794700536483,-6.436804384419561,18.686983188231313,9.264441260617176
2000-06-09,-2.1747734916981685,-6.117614671020573,18.882304779870708,8.021286036225272
2000-06-10,-1.7471359305447405,-5.56027389230028,20.20230657539407,7.158443459442282
2000-06-11,-2.4954736814598397,-3.2025297725900126,18.564046083506316,5.413006153476379
2000-06-12,-1.673393727458393,-2.3159356284519528,16.92031694680904,6.6488551683883195
2000-06-13,-1.195981976670518,-3.807806266071676,16.929302056853608,6.195247383040389
2000-06-14,-1.1175125440130071,-3.9828231462519197,18.706720334758245,5.912843384234984
2000-06-15,-0.9217070953973827,-4.253826185560773,16.65835199124706,6.114865635860122
2000-06-16,-0.1765936140229698,-6.087272007736522,17.346228679518834,5.697407446767728
2000-06-17,-0.09971468929537175,-6.604213197210666,18.68250393015642,5.094646598629709
2000-06-18,-1.933221629797242,-6.796091963698735,18.522211934082268,3.7340541548337107
2000-06-19,-2.8955376830620834,-7.4434839183334,19.679867356007076,4.226585352475257
2000-06-20,-3.44983853479053,-7.717128341315318,18.727227160982846,4.5046646579755425
2000-06-21,-3.7925097915135138,-9.976386332020963,20.038820835172285,5.017913000231546
2000-06-22,-4.777752391428374,-10.688280052823078,20.902575676124062,5.582815909535239
2000-06-23,-4.781155211610212,-10.125954149049065,21.810453655555552,7.062678262077824
2000-06-24,-4.551414013786184,-9.328802314133624,19.500494729294733,6.9334646616241145
2000-06-25,-5.279297115343647,-8.40776410123087,20.06731277709544,7.8792014079551045
2000-06-26,-4.039601399115801,-8.535248547076211,20.485875771675033,8.413802176686051
2000-06-27,-5.550307535624412,-9.692214891091945,19.835278873813472,7.930395180190122
2000-06-28,-5.401368550526295,-9.240519396961139,20.645319673107075,10.238409730653592
2000-06-29,-5.443939972950877,-9.661421480710283,19.39526751976957,9.442471181313671
2000-06-30,-6.058256062198853,-9.689758126666321,19.146671977865495,8.799368199005652
2000-07-01,-6.032721916504972,-9.574668552196771,18.502802848094863,8.609234368722085
2000-07-02,-6.045451338016078,-11.359519015557485,18.578847232911077,7.817969759992758
2000-07-03,-8.856784235540758,-12.049140476648802,18.92609614874184,7.068158365297618
2000-07-04,-8.771135582723293,-12.027800996897238,19.46936620648908,7.139731764528754
2000-07-05,-7.109279567203557,-11.257813190168664,19.620470327808427,6.617051399538197
2000-07-06,-7.651402247451653,-8.882363624707201,17.750045033328732,6.393145724605729
2000-07-07,-9.713669642517415,-9.203194576370302,16.67651957515828,7.2011563166894925
2000-07-08,-8.62381860797544,-8.21396702168742,18.25617365226278,6.4921388487593035
2000-07-09,-8.84987824703241,-6.892434268871172,19.782058480975433,7.068818684904692
2000-07-10,-10.336599570749268,-6.734100771043949,19.022234356940096,8.191820359287018
2000-07-11,-10.449984916151896,-6.558598139365525,18.591603123128777,11.244897804301585
2000-07-12,-11.544082895339198,-6.041993396091112,18.575957661826155,12.346002792825344
2000-07-13,-10.59011177647448,-7.069124131441624,18.075377231753677,11.934832574530775
2000-07-14,-11.763816587692633,-6.1620547867176825,15.469531140289986,11.58240590694222
2000-07-15,-12.880406177752265,-4.9162239286096625,16.085161850756347,10.747081028398304
2000-07-16,-13.74339940957288,-4.744819730011365,16.123225648629457,11.894882127669456
2000-07-17,-14.22759005262321,-3.9168823454122683,14.730971810812166,13.219886266783638
2000-07-18,-15.198607069923817,-4.744810591072476,13.2569428551973,13.543055812951845
2000-07-19,-15.00265394241481,-3.827693567290793,12.852098842226171,14.221992628861742
2000-07-20,-15.326298052260666,-3.6729407608101963,14.03164206234543,14.75456011741026
2000-07-21,-15.055282811701185,-3.0671803077244233,12.9961135401757,14.788512709902086
2000-07-22,-15.220393014537578,-2.744161045596714,13.015424386172704,15.971459307555797
2000-07-23,-13.820846203772561,-3.2562128573010938,11.841991197683823,14.720629429616197
2000-07-24,-13.98972769797025,-4.353652847456172,12.808353020027333,14.204301618507422
2000-07-25,-15.315498799552305,-3.788268853958634,12.889068991451706,13.643689193666575
2000-07-26,-15.29689457657271,-3.274603199537202,11.051843668150006,14.312231572804714
2000-07-27,-15.486401811231026,-2.7348905015377074,11.483142741272307,13.136753812969197
2000-07-28,-15.323847721447995,-3.1576208759891204,12.49729612250857,11.53649136761155
2000-07-29,-14.04953069079948,-2.0277840513451544,12.70288180058684,10.43245782027012
2000-07-30,-12.312987800710252,-0.3966747340965524,13.3864262010231,10.275141759001711
2000-07-31,-12.137149698959407,-0.7229731205849952,14.13782545789138,11.349945032677503
2000-08-01,-13.027664860192708,-1.1513350147153407,13.855654149629398,11.29967215671456
2000-08-02,-12.634297841538151,-2.3213202329622034,16.44243188999474,12.106397626117385
2000-08-03,-12.166069015177246,-1.3321485610626624,17.696696776556035,12.93417413188551
2000-08-04,-13.914655998328094,-1.4854815933705368,17.981483174670984,12.330953897545157
2000-08-05,-13.893321578423155,-0.8454991949475492,18.510804185429144,13.306657399768696
2000-08-06,-12.829701051010195,-2.017135744340501,17.588278605659777,10.699589730050677
2000-08-07,-12.36589080871588,-2.5490341461524575,17.244482386515532,14.098290774997315
2000-08-08,-12.265704400997521,-0.7018074699724852,18.241586898200755,14.78275025683125
2000-08-09,-11.300109159198504,-2.6373908075978125,17.821239666780816,15.02792727398948
2000-08-10,-11.036640949371495,-1.4286055446053372,16.868377005126256,13.919919558833547
2000-08-11,-10.510002380241808,-0.35505018836408064,16.310032045217053,13.403568712496952
2000-08-12,-12.00995939512383,0.41935277480672006,16.686997981344998,11.272706841463586
2000-08-13,-13.589897238830261,0.2620259146240512,16.240411031285156,11.26388578272481
2000-08-14,-14.405838989491812,0.9394779173079929,16.40680895647434,11.020249759869053
2000-08-15,-13.72318870243164,0.7368463984786848,17.051862556603627,9.393383654940024
2000-08-16,-14.103851507798417,1.3768409518226288,18.79633602637015,9.284588304506503
2000-08-17,-13.438621261110734,1.9561015537752349,19.527897661241926,10.107643307013356
2000-08-18,-13.025617025762784,3.873127431634347,19.532907683340806,10.138439899029986
2000-08-19,-12.403091674192881,4.820357741947635,19.128111761706265,10.408372892785911
2000-08-20,-12.171957417423753,2.596092370587125,18.980467879820868,10.306788620256077
2000-08-21,-11.661906210568516,3.6914912009874032,19.95473244049743,10.699768874074401
2000-08-22,-12.116615424538486,3.001574203222014,19.89779991106964,9.899987853564062
2000-08-23,-12.886447973079433,2.569210892100763,19.21913876834603,10.098250239892462
2000-08-24,-13.594627569398044,3.6352454649851915,20.638713215847545,11.450992830298738
2000-08-25,-14.026684161586642,3.214194115934301,21.460662698761872,11.088162510048745
2000-08-26,-13.475781709121822,2.433144240400704,21.310647795766,11.248842224031925
2000-08-27,-14.912526158152241,2.172538776061218,22.602868700916265,12.505011323733473
2000-08-28,-13.726746169173236,1.228920539693994,21.97668084805505,11.885301509560904
2000-08-29,-14.253241283306222,0.9115950178687355,23.879881454671136,10.905671318826126
2000-08-30,-14.597820029380083,-0.592499288750796,21.930814052759548,10.963220546634064
2000-08-31,-14.06088209990179,-0.21122763474585932,21.42034932525002,10.929933983043918
2000-09-01,-12.327353644135759,0.7660826321036796,23.142231657129784,9.84862870748152
2000-09-02,-13.819184022105436,1.0718617420975196,23.954754858255516,7.926056598784365
2000-09-03,-15.715771089810815,2.097363445315228,22.498157172629877,6.929275061403253
2000-09-04,-15.560345134534582,2.5725472770940185,22.78033374572795,7.742843452349034
2000-09-05,-16.265354183861056,3.0663729178237653,23.18060380757623,8.762630674251488
2000-09-06,-15.234443561300568,2.9734717583042185,23.298764252643178,9.388914151301899
2000-09-07,-16.300201890283564,5.4290789446555445,22.978566460822865,9.648993558566222
2000-09-08,-17.30747756717725,6.368958225118619,22.460653759599268,10.590402611563377
2000-09-09,-18.079774954078143,7.473616403281291,20.174931162947598,9.911546217434731
2000-09-10,-16.971707022880395,8.377453133713804,21.511075099828208,8.058607705515776
2000-09-11,-17.687794979920604,7.557885647086247,21.520229813255384,7.414223133773406
2000-09-12,-18.459735114455594,6.862093134410932,22.836639579968782,7.207813394776767
2000-09-13,-16.7295276400366,6.970997381023391,23.33775665424194,6.066384103885191
2000-09-14,-15.821675458043224,5.836951517427164,22.880198727942055,6.924647618079998
2000-09-15,-15.593139547882725,3.5532213417325655,23.343775652929107,6.829140374187897
2000-09-16,-14.719082182078335,3.209880949045238,22.576062965640485,6.753258689891968
2000-09-17,-14.847421206716685,2.242918573792611,23.00366199452911,8.718863330179317
2000-09-18,-16.284048042449495,3.539548215703577,23.64466675335636,8.952374906089858
2000-09-19,-16.321022681262377,2.9327031137503794,25.093004456903685,8.913442554192756
2000-09-20,-17.49637489489884,1.6668008380120765,24.09983402622999,6.70650499233431
2000-09-21,-18.133725799695817,2.3977358557359656,25.037646645589923,7.103701870268558
2000-09-22,-16.907388150395995,1.7245559084408772,25.74198676445503,7.0455461843690985
2000-09-23,-16.315691591971646,2.968422284376741,26.908380442788957,6.988267241899161
2000-09-24,-15.052780232911603,2.4492632367856424,26.562348661629468,8.08495098058347
2000-09-25,-14.8643621043342,3.04513290038593,28.123858955994386,7.347009519026337
2000-09-26,-14.876067984575972,2.490526855386424,27.882244232315866,8.419096219510214
2000-09-27,-15.436245150516879,1.4221584093567616,29.253704277037222,7.051417075255986
2000-09-28,-16.938735208901733,0.8983667789885924,28.543508746742532,7.082911252820358
2000-09-29,-17.885476531378572,-0.949338127124903,28.91267644779283,5.411736015308609
2000-09-30,-18.39470689459122,1.0987640789835695,29.98846929687007,4.600392230751217
2000-10-01,-21.078813013562534,1.1360991146797403,28.977373521851835,4.893313185413264
2000-10-02,-20.8867495639967,2.9168380732948127,30.446694000963564,6.355633031932215
2000-10-03,-21.231850420997564,3.474586630019632,30.79852134792287,5.486080105221507
2000-10-04,-20.80911959448994,4.633441368669409,28.995020331403257,7.2798250812996335
2000-10-05,-21.445212156324082,3.6698652765444773,30.00330583921147,7.841916554428807
2000-10-06,-19.728289465473903,2.872723765981252,30.791983969363738,7.793813967706499
2000-10-07,-20.288982726019054,3.363781578587451,29.876444745936876,7.923998219021785
2000-10-08,-18.93427885509926,4.118538771854705,29.82221774204489,8.06015944943319
2000-10-09,-18.407866700539103,4.140592667265674,28.614593405738095,8.159936827043522
2000-10-10,-18.158971190599345,3.5711486699186885,29.150481146990337,8.597950774965293
2000-10-11,-18.80181697926735,3.3960799874799874,28.26631147510942,9.489614866205978
2000-10-12,-18.981979857578068,1.7771929221395937,29.709172593341464,9.488479802770966
2000-10-13,-16.81396252449034,-0.5253051332555108,29.57924095235415,11.150870637010648
2000-10-14,-15.652131997427999,-0.18389959808532852,30.154620642763778,11.809449375269821
2000-10-15,-15.876528094297191,-0.24874902235831026,31.68186849335052,13.272060780051978
2000-10-16,-15.111268834139548,0.5253751954974228,33.83862344413123,12.34170132122871
2000-10-17,-16.436378504015053,0.6305334765095059,34.853434994983544,12.66447797874909
2000-10-18,-15.84882175579531,2.17140311441287,34.824701599429034,13.30881440901915
2000-10-19,-14.797361988567634,2.8319896780628393,33.93708097435288,13.653385249762566
2000-10-20,-14.301701824382762,2.386314548259447,34.26796078256632,12.776238401880294
2000-10-21,-15.896706521135794,2.4916255251698445,34.00947578846751,13.683060584517415
2000-10-22,-15.217257524248955,1.9785379885130685,35.51073647227728,13.147132240810246
2000-10-23,-14.37269701569149,2.7508909817921325,35.993326994065335,12.007266842208756
2000-10-24,-14.687087988901409,3.749271010836698,35.78534757121283,13.710207320635922
2000-10-25,-13.514978813245698,4.082245303891725,36.42553458677678,13.742284326298071
2000-10-26,-12.616848336212486,3.5746612158337934,36.099551683780895,14.632252554450977
2000-10-27,-12.91149149151431,2.8747823949434324,34.92289681189174,13.92926588127956
2000-10-28,-13.020233086347496,4.306719590903419,35.502370256584015,14.53360085615019
2000-10-29,-12.78721170896215,5.695259448233124,37.70499489953057,16.01631572445576
2000-10-30,-13.248780002970902,5.315229019223295,37.76514910815934,17.24218857573336
2000-10-31,-15.398679177402704,6.845305739712091,37.96037599198625,15.867041963184326
2000-11-01,-14.724155846121084,7.622329418699122,39.48930382556928,15.538258441020556
2000-11-02,-16.25944529674686,6.88750562597188,40.11380902264558,13.964068620773187
2000-11-03,-16.99085992222808,7.275930844344141,40.18799546898406,13.031479027215667
2000-11-04,-14.999632476088694,6.764060141741483,39.8976816514453,14.69705591224918
2000-11-05,-13.097996677481902,6.0111176419390375,37.87907041939376,13.555315044595462
2000-11-06,-12.685131840805866,5.245443895505264,37.04906161213958,12.972530652642225
2000-11-07,-12.474731495036472,4.460494158534672,36.17346109162131,15.00934741701474
2000-11-08,-11.476514472490688,4.001393770411687,35.92165976516975,13.57522031367107
2000-11-09,-11.766125593148775,3.1266890896105313,35.72023970877923,14.522130740020016
2000-11-10,-11.535059486274287,3.7236432093950818,36.346974755260035,14.761709227410313
2000-11-11,-12.687035042618799,4.422814341889621,38.1865886225465,16.091451343466446
2000-11-12,-14.171543263725315,6.183699324837865,38.42177856741433,14.186536497433407
2000-11-13,-16.707695709906528,6.1953942030409035,39.308658488007154,14.141054677972607
2000-11-14,-16.287763076231304,5.3494241755736205,39.67520278591647,13.531105008041752
2000-11-15,-14.385610281714388,4.664115896929088,39.64418071232955,12.081280262151463
2000-11-16,-13.896331482102145,4.159989475203256,40.191422037661134,11.350787905551927
2000-11-17,-12.8696565760814,4.28876795015027,39.743051075921336,11.89345550765697
2000-11-18,-13.282394078004744,2.557384318585976,37.67368415422857,10.968841190239289
2000-11-19,-12.472632812554712,1.8194906844696161,38.9187567590763,10.59637216339772
2000-11-20,-14.772084495798053,0.09334980458030584,39.35729275800948,12.656094627495502
2000-11-21,-15.157863756683557,2.184029879964907,40.8972159583857,12.767514036796399
2000-11-22,-14.497311975871138,1.7283361031735465,41.32324547487359,13.389932885815199
2000-11-23,-15.151849787328262,2.118839206291811,40.74955149545955,12.99979357163465
2000-11-24,-15.657903012997055,1.4899908542538332,39.17869025032734,12.928214041692485
2000-11-25,-15.018306660148195,2.6713503137829995,39.0222947837309,13.434684207111802
2000-11-26,-15.972135494679133,1.243731338539398,38.785599132745645,13.680408927688628
2000-11-27,-17.20383774874192,1.8558469430733757,40.88254911301043,12.485084969401433
2000-11-28,-17.8528993674085,1.978316500130628,39.47071511854869,11.841159162201782
2000-11-29,-17.389151486527247,2.2484228888929882,40.15958379916499,11.39381521769204
2000-11-30,-18.622501159871906,0.7974472360813589,38.611995212102094,13.177887182021758
2000-12-01,-19.456615472833708,0.806121788403654,39.933150288900954,12.79199769874728
2000-12-02,-17.525186128531573,0.8468499284685453,41.89057854394621,12.488513686013336
2000-12-03,-17.505838870967615,0.702534682245443,42.217970335281485,13.400788697679129
2000-12-04,-18.288605228379225,3.109343021421986,41.674699257607706,13.798951584299937
2000-12-05,-18.949191915229935,2.387686020969263,43.10176962785329,15.363471518131353
2000-12-06,-17.842368733395055,2.864684225843993,43.74490751027905,15.745241912989103
2000-12-07,-18.995828782458563,1.5928531926662757,45.575271735796825,14.610392517675276
2000-12-08,-18.982014022528368,0.4208083594070535,46.177346870770684,13.92945130855491
2000-12-09,-20.008644264875965,-0.5070505477071294,45.35993333329691,15.16170848212559
2000-12-10,-20.606737527961446,0.47696383062739833,45.909555715237474,16.204698075512358
2000-12-11,-22.30539128811697,0.3842045413210763,46.18033376013945,16.434124152792503
2000-12-12,-22.341882816422643,0.30195956174847316,45.459944841957764,17.43639516562808
2000-12-13,-21.43271347991163,0.5494988443606621,45.67276398078789,17.171836467671262
2000-12-14,-21.402797660606467,0.7724310265951819,47.6539898660885,17.147944347351928
2000-12-15,-21.220606837976202,-0.6814932778925733,47.81552640544535,17.757612149895913
2000-12-16,-22.746530952919223,-1.2033015129941511,47.779904790547654,16.262690716735175
2000-12-17,-23.27944088232223,-0.9502507453875078,48.77244193723767,15.574210398552918
2000-12-18,-22.484871427066043,0.24147564998570026,47.81060475570869,15.832979862222594
2000-12-19,-21.288976646561387,1.285744443820959,46.15329241042824,14.795779664611382
2000-12-20,-20.836219903183363,0.4920647024623893,47.4047269737622,16.205044133524403
2000-12-21,-20.23844982197793,0.5217354817704671,46.59085892812101,18.15183923838668
2000-12-22,-21.093400805701915,-0.08863500111864786,47.49379520146977,18.313087012526747
2000-12-23,-19.068492139611443,-0.5437847122231387,46.87346768790519,18.5873005624652
2000-12-24,-19.331181427726776,-1.4294484450325617,47.083822678032625,18.802674410732536
2000-12-25,-19.622130682720222,-1.545475236551685,46.4087934256048,19.408370335287817
2000-12-26,-21.08154388444862,-1.598808822714825,46.981478144329195,19.814246585216715
2000-12-27,-22.69243280012252,-1.9411790914584153,46.997978968884524,21.246837843430015
2000-12-28,-23.453833330978934,-1.601865351864727,45.50302746985575,21.272521742815407
2000-12-29,-23.048762039634767,0.37339685163875846,47.87612044227366,22.144822888691152
2000-12-30,-23.134320031415413,2.1535431609215854,48.0537275383387,20.816973622702715
2000-12-31,-24.135727831648598,2.016437448873195,49.15976145883916,20.058098751310926
2001-01-01,-24.054097904910996,2.152918113076247,49.314000669851275,19.871566221636296
2001-01-02,-24.38117727002899,1.6473691871227916,49.0136678546244,20.299411192266064
2001-01-03,-23.596019564140814,1.800019156813161,49.70716911345443,20.817209108258385
2001-01-04,-25.765573586380466,-0.13320862566452352,50.23920861703868,19.38922316768064
2001-01-05,-26.486204349420618,-0.7086206680487398,50.07720534977978,20.612174631154662
2001-01-06,-26.359810365933107,-0.48402062312453537,51.758041603375005,20.630923385556283
2001-01-07,-26.982644662904633,0.3901955117988483,50.64313755304449,19.029997641421133
2001-01-08,-26.614935648971173,-0.18295565004680509,50.690552644461704,17.85358716062048
2001-01-09,-25.090550674873526,-1.201109963067263,49.11300376286736,17.215042890927606
2001-01-10,-25.35566564759069,-2.4874907738042067,48.722557085452344,17.83619340083344
2001-01-11,-25.436341429913913,-3.062772590316982,48.666426605348526,18.399761967525098
2001-01-12,-26.645600408812207,-1.8784085957930439,48.713648453410755,16.73010323929521
2001-01-13,-26.19300272589889,-1.3869162243752091,48.72326840074062,16.241495023194624
2001-01-14,-24.13529351412599,-1.4496692750601234,50.10329529336004,16.404532065273532
2001-01-15,-24.75838256416898,-0.5726156968736292,50.41680244446915,17.42921533269121
2001-01-16,-24.78398384982683,-0.7701861650507567,50.15878083661961,17.430886228783542
2001-01-17,-25.573476733233687,-0.29375272495679633,51.762141987394024,16.35165135551877
2001-01-18,-25.025013925994273,-2.1890827049925736,52.368140002724125,14.616287891518956
2001-01-19,-24.22154919058093,-1.479549401725544,52.496502942370704,14.993159272546514
2001-01-20,-23.863790544845905,-2.483151588269344,52.908728363562695,15.586554398901193
2001-01-21,-23.48539113857501,-1.0707742334087689,52.8484411590029,14.00902742329544
2001-01-22,-24.313742749771443,-2.551704757629424,52.37173096764653,15.079467443206157
2001-01-23,-24.131471376198792,-3.557970120857668,51.83463128907245,16.496784711595364
2001-01-24,-24.71494304540527,-3.0566225562369693,52.129725234721626,14.771329038052283
2001-01-25,-24.03506647930397,-5.5731298711509325,53.09157830754406,14.768350919499198
2001-01-26,-23.597118561150246,-5.472910998535847,52.16838597746759,14.00098214689569
2001-01-27,-23.57181901718351,-5.876108062536846,51.52558702306085,14.157692103434126
2001-01-28,-23.327406827056617,-6.218233240491093,52.62940463999755,14.744031062939637
2001-01-29,-23.118565247534324,-7.242441008314839,51.12059219427508,12.269124497355223
2001-01-30,-22.512560112359665,-8.358094426037768,51.02558188419751,12.300194191939593
2001-01-31,-22.062707043128228,-9.311325411038643,51.933644717855394,14.132547546512502
2001-02-01,-21.69309358127184,-8.98241830316059,50.59103129259254,13.418751110155084
2001-02-02,-21.493415681298877,-7.993612577369745,48.74870401608596,14.681001081925587
2001-02-03,-21.064721581566808,-8.157501355816123,47.78278590751712,13.594626627918988
2001-02-04,-21.02069330428741,-7.70453985621005,48.4693743993432,13.485779183883027
2001-02-05,-23.091821857242397,-6.324307658639928,48.5923346066776,13.987676240674675
2001-02-06,-21.723646677058426,-7.782152719189216,49.02301862009764,12.484846410148286
2001-02-07,-19.879774716251596,-6.879084330518135,48.32457618999717,12.091643505080333
2001-02-08,-20.978852082305508,-8.307257400615262,47.73312718185917,10.159273418990024
2001-02-09,-21.385923891594413,-7.301812555586865,46.709449666946696,9.922750835249484
2001-02-10,-20.897502332830893,-6.7406352972584305,46.73644951392572,10.099743620264917
2001-02-11,-20.23504489303739,-5.3280714616229865,47.47064738743853,8.970776095911848
2001-02-12,-18.61870305008133,-5.4714610709238185,47.16214195545256,7.269310581564948
2001-02-13,-20.129920746987782,-6.173478378913125,49.150495150078406,8.473990031461808
2001-02-14,-18.61895570432458,-7.455641118537622,48.04202578540117,7.521055082160025
2001-02-15,-18.13813526609675,-7.527185171785827,49.156906724312904,8.485529174373028
2001-02-16,-19.261601778812746,-5.833307137738289,50.061859453153,8.587644720789408
2001-02-17,-17.244458419614737,-5.659159776900549,50.615280972663314,8.502545595030847
2001-02-18,-16.741146767527557,-8.068439192091258,49.49483453199397,7.271906077333144
2001-02-19,-18.472496744925756,-8.84205250013314,49.22120380080363,7.924027787314728
2001-02-20,-17.74147340984687,-8.565024161818474,50.188638826444496,6.23614578523558
2001-02-21,-20.780822983311083,-7.682515856597266,49.10381123198444,5.196892893556136
2001-02-22,-21.76065322719887,-9.384573146913196,48.2512394490668,4.742639186976474
2001-02-23,-23.27418373932206,-9.136649139711647,50.04181893832775,3.525446684879591
2001-02-24,-24.210585814465947,-8.913278264915041,52.07427481532689,4.2085937960295725
2001-02-25,-24.293246747218422,-8.984831240808356,52.71667137001993,5.491583934766528
2001-02-26,-24.20594556414269,-10.29558110042144,52.21059554182677,4.893588254383836
2001-02-27,-23.097925856411386,-10.728341625968802,51.1725318647744,4.378299537715903
2001-02-28,-22.18191128470314,-12.706981595938364,50.87267885202346,3.761966684103033
2001-03-01,-22.81260514955177,-12.404253801211887,49.39391789490814,3.7756414542021917
2001-03-02,-22.280864273678812,-12.557403502373491,48.74278984582717,3.909136265311404
2001-03-03,-20.954061297287645,-12.33942219465318,47.383024284652144,5.318113436192077
2001-03-04,-21.59568205322954,-12.512308455056573,46.670046750202836,5.367598119031651
2001-03-05,-21.39454043801931,-13.588990741795937,45.93421364495247,5.152700734121908
2001-03-06,-20.47316248411125,-12.29078919128656,45.76942761353889,3.46927291430657
2001-03-07,-20.8517033275166,-12.74362705407084,45.77328864060977,4.1548107255138245
2001-03-08,-21.77599876307952,-11.74936227724365,46.532552364275446,4.9839310085721
2001-03-09,-21.107990192222466,-10.73568455596915,46.487557123515145,6.452639913512945
2001-03-10,-20.0962076806037,-10.094037213441167,47.12017713274073,5.461772617133255
2001-03-11,-20.987102845195363,-9.663349809342044,47.39728024560071,7.542122240447945
2001-03-12,-22.050293096333345,-9.446000931307529,46.56532775078802,7.245154085161983
2001-03-13,-23.288440596483042,-11.467289507546086,47.40412551192277,8.152087023567178
2001-03-14,-23.725925133150408,-9.605249096068006,47.35360792708444,8.96873435338646
2001-03-15,-22.60906715224107,-8.280141021914918,46.72674902194358,8.910266112686648
2001-03-16,-19.994072390372263,-7.19103629739865,45.48950160655641,10.476079934578449
2001-03-17,-21.379842280700267,-7.652120957984531,45.4173056713226,12.360097957047625
2001-03-18,-19.545353439218946,-6.946704392726195,46.00717668446108,13.953936360109465
2001-03-19,-19.16692618241736,-7.654950206171753,44.92152219593,13.862944746119384
2001-03-20,-18.876031604461378,-7.426413979826941,47.129670548660386,14.891868874488845
2001-03-21,-18.54846848982092,-7.103381570012169,45.775107451509335,14.587040382965773
2001-03-22,-17.947578163252278,-6.752984212411424,46.51147096992212,15.744947463693551
2001-03-23,-17.402411821889686,-6.407631933369694,47.51318119333026,16.422564335066046
2001-03-24,-16.506397632746598,-5.467241743297453,46.72973711725996,16.21994705598677
2001-03-25,-17.18653443537336,-5.163213712151931,44.95773078359861,14.198548006396312
2001-03-26,-17.55481025148592,-6.395610036704689,44.70324655112713,13.638773614160158
2001-03-27,-16.61188116369399,-7.116161338456041,44.27397288357451,13.159013188202671
2001-03-28,-14.750553369545031,-7.613684742463624,43.890489826928246,12.926016680746615
2001-03-29,-14.94226216959472,-7.070160781296486,43.13443990163903,11.501558184456224
2001-03-30,-15.45376999576214,-7.67827887599938,42.27338403438363,11.696605027522883
2001-03-31,-17.526990949992545,-6.259619646702828,43.58067875726913,10.42593117188936
2001-04-01,-17.91672183588721,-8.117233102553213,43.68551063416477,10.382617724962502
2001-04-02,-17.632305320554746,-8.221294109005935,43.45526596239822,11.182670093413877
2001-04-03,-16.024688913560404,-7.086300744723994,43.059400634325215,11.31742261282401
2001-04-04,-15.376240799797772,-6.492153533697934,40.93114910412539,11.462605633966811
2001-04-05,-14.172626216302783,-8.014522779559265,41.241254531813844,10.046908186510802
2001-04-06,-13.701686421978287,-7.1954473822587595,42.07671638849057,9.151094096856655
2001-04-07,-11.069810225150082,-8.642758475210348,42.46844511511426,10.312188877674373
2001-04-08,-11.795260594736511,-8.378935477180221,41.65412791422404,8.687715807252259
2001-04-09,-12.462935178443987,-7.477866413116777,41.51249150203139,9.427187836056792
2001-04-10,-11.598502703781001,-9.310768890955412,40.70110312809514,8.538999920551877
2001-04-11,-11.942081740547678,-10.36052048537198,39.86932687986443,8.65659440093744
2001-04-12,-11.167843155212893,-10.729019934963546,40.31168603171747,11.340011083388012
2001-04-13,-10.42943520193706,-12.563712600631945,39.91047245042985,12.774387756085535
2001-04-14,-11.634364219523654,-13.32402254697471,41.55609007670631,13.600750294950657
2001-04-15,-12.691640189696262,-13.81217974409853,41.298079296591766,13.760072163672309
2001-04-16,-12.05105903177017,-14.518979776930793,43.61023484573365,13.274348402458408
2001-04-17,-14.190778563844361,-14.497660860846475,43.03257085976841,13.808795843291628
2001-04-18,-15.45716805953637,-16.913846248145326,43.35462743662214,14.12751534971642
2001-04-19,-15.59668500670377,-15.208689333717915,43.77843875123567,14.421158413640667
2001-04-20,-16.00721891950252,-16.27128360738602,43.31629872669552,16.150954483845602
2001-04-21,-15.159110563945895,-17.936839571566445,41.74152557337557,15.489251062045685
2001-04-22,-15.109468275963676,-18.506465048805186,41.754010086158274,13.413865441198945
2001-04-23,-15.675497169497202,-18.154300417068384,41.061619649250645,13.383078492876438
2001-04-24,-15.14448012453288,-16.543976042546632,40.60830356337089,14.222704849126785
2001-04-25,-15.46910103583956,-15.685648445468518,41.1752654681725,15.373587994065511
2001-04-26,-15.424431731109124,-14.734830516875256,41.692451728663755,15.584939401832221
2001-04-27,-15.596473320835097,-13.885447982317096,40.756367351872086,16.440130698716374
2001-04-28,-14.23501245571505,-13.657151924981141,41.15688736884709,17.424690445028933
2001-04-29,-13.577596752959371,-14.056610188762344,41.439657450629824,17.83613624903288
2001-04-30,-12.71504403869378,-15.680121683209972,42.11767022081395,16.93448953258385
2001-05-01,-13.161981036443095,-15.730671573978839,42.31091785138175,15.590907351756293
2001-05-02,-12.719347618310545,-14.909691006182669,42.16337125324686,15.425799853390465
2001-05-03,-13.904352113026258,-16.118767146457333,41.73213659222975,15.946614159243804
2001-05-04,-12.643148091625996,-16.274115461031226,41.7068643728796,18.15391591730023
2001-05-05,-12.950513731295866,-14.45421956918787,42.770644434434395,19.23641289342945
2001-05-06,-12.711819254675476,-14.007893519059161,43.16828307589761,17.822148591032803
2001-05-07,-12.55617330811616,-14.235075678295228,43.23570956601226,18.343648285067776
2001-05-08,-11.350112622165383,-15.146324702613766,42.68990768707896,17.759600104053394
2001-05-09,-11.218985512680499,-14.788294155135345,43.52359720197466,16.870231861218286
2001-05-10,-12.323243061649887,-15.243312727003408,43.95022348042432,16.701621063543993
2001-05-11,-12.350788855098115,-15.592306581156103,43.943893886490955,17.666373411657194
2001-05-12,-13.497158214615157,-16.087760180321144,45.31052076836461,17.00239297893838
2001-05-13,-13.348500206574865,-15.121595798907098,45.06662034656939,17.316786253060084
2001-05-14,-14.128220931945151,-13.403871817287193,45.45584037361456,18.15752385855059
2001-05-15,-15.677706070134287,-14.467245179970387,46.034712586402236,19.69439567122663
2001-05-16,-15.595740384014693,-13.389272165939444,44.45105056608219,18.686814135870872
2001-05-17,-16.29666264830201,-11.77345622625598,43.89035523542247,18.983352459411677
2001-05-18,-15.822777674613093,-13.247401389269909,44.908339294846634,19.27432736574033
2001-05-19,-15.684105857905745,-12.640833370802655,45.53252809864354,19.702358771639112
2001-05-20,-15.775021208806777,-11.507364315476401,45.668333184084474,20.79332734976359
2001-05-21,-16.25807084634941,-11.517239967012298,45.930495667406774,21.853800911756302
2001-05-22,-14.10270837336889,-13.745094347261432,46.06318968315678,21.460343540128406
2001-05-23,-14.287941210150038,-13.334043664835221,45.99272834467405,22.00642426127522
2001-05-24,-14.301552903129744,-12.232348459478164,46.09139230405721,20.947009696940103
2001-05-25,-14.681623340626706,-11.55279389710307,45.65750091005754,20.810628644120374
2001-05-26,-14.906846016465511,-12.566977673963514,45.724960149183694,21.497045048897206
2001-05-27,-15.732672924243081,-12.902378741758579,45.11757216268547,22.341921715920854
2001-05-28,-15.812810572628319,-12.839746406051843,43.97646426938661,22.759247209014674
2001-05-29,-16.393331652868262,-13.521199170554148,43.07703209792303,23.45171469010682
2001-05-30,-16.626476385331788,-12.513087394941609,43.536315443882046,23.542474790958476
2001-05-31,-15.765563015043004,-12.479856222931913,43.362134760352696,25.79752318816838
2001-06-01,-16.157635589484283,-11.5357486342778,43.43721975100811,26.138857603338757
2001-06-02,-15.097213868199239,-11.610359271419814,43.09286722368435,26.44009712543877
2001-06-03,-14.451012832412987,-10.853595946808486,42.20671342145444,25.832889422914597
2001-06-04,-13.597658098712317,-12.018409567646275,43.026694818917285,24.80836693395783
2001-06-05,-13.815948888507366,-9.590442793281774,44.050518036997595,25.569135247234907
2001-06-06,-13.995654162978402,-10.464285931605593,44.69255043584974,24.876460497117822
2001-06-07,-15.15624174227706,-10.955567074990057,44.970102997020795,24.941598365337967
2001-06-08,-13.363446695266095,-12.83961131440175,45.157527536501824,24.78449301055284
2001-06-09,-14.660785019934913,-12.361481415949317,43.77948339504784,24.739044733996238
2001-06-10,-14.232485811003562,-11.359815263417396,44.90508830746895,23.601862464634507
2001-06-11,-13.711611262957787,-10.514635940925823,45.14339341792955,23.234169978062592
2001-06-12,-15.428618992162002,-12.374319537911493,45.485801769825905,21.465284779298624
2001-06-13,-14.63584685457363,-13.215206831352068,45.23772374788217,21.554454732637684
2001-06-14,-13.754777074330836,-13.194455678254696,44.32640239826292,23.51322460421308
2001-06-15,-15.262001026692257,-14.471379253064885,44.38123197622984,24.412956289198764
2001-06-16,-13.603495817577025,-15.388620724931398,44.89796355582127,24.16490132046687
2001-06-17,-13.397531260127645,-14.87243705959482,43.819537059821286,24.48004176328735
2001-06-18,-12.694398123688119,-13.960188618494568,43.644507654003476,25.152165902888555
2001-06-19,-12.576778268436847,-15.124735641898207,43.56889480006708,26.520176750810524
2001-06-20,-12.842415752919036,-15.759308800572274,44.504377685381776,26.96019890300381
2001-06-21,-12.99852114947711,-16.1742447136844,45.180500379734305,27.47228347722749
2001-06-22,-12.855781378022085,-16.92371231444103,44.535364702353746,28.65830583715089
2001-06-23,-12.29183512926137,-17.074271785652847,42.94064382262305,27.02827591672455
2001-06-24,-12.137978451881617,-15.639922265317576,44.01257623512679,29.020347049324585
2001-06-25,-11.718758689239532,-15.33328032759248,42.58695147564601,30.26754859933235
2001-06-26,-11.030874484209662,-14.963834547928192,41.856435196121176,30.58953937030772
2001-06-27,-13.031491774717644,-14.926801822550038,39.950030850785154,29.836866789947123
2001-06-28,-11.655393399290615,-14.120013690372922,41.50419416046599,29.25839095877434
2001-06-29,-10.51263680416449,-14.251693535385828,40.8272048506018,28.58269215768346
2001-06-30,-11.603743036665552,-15.055893651045867,39.30056955687137,29.290942593084186
2001-07-01,-10.971831896430368,-15.636981957240996,39.62342810279891,28.3427816437845
2001-07-02,-9.54324107180559,-15.448632465189801,37.33330540651939,28.692414554845215
2001-07-03,-8.13313262832301,-17.90410846322809,37.46122010705798,28.258473076720463
2001-07-04,-9.502488114619554,-16.201540007658917,36.67703667019464,27.88587077822643
2001-07-05,-10.917428091471331,-16.502657124664598,37.41299665174344,26.81633665765557
2001-07-06,-10.28224301084735,-17.838224298097355,37.26552312812166,23.7734797231315
2001-07-07,-10.78293312778523,-16.631952824998404,36.62092944319409,23.01665864170313
2001-07-08,-8.95112524304368,-17.238796510319563,35.662162525973834,22.499977409652193
2001-07-09,-7.337761630388392,-16.847120580648216,36.6708950517221,22.988887838574367
2001-07-10,-7.551692339888825,-16.53461693485254,38.31910008358949,24.01402747096302
2001-07-11,-6.884391954910313,-16.0752210624248,37.15110449217945,26.06064253194453
2001-07-12,-5.581882695235991,-16.364932739548856,38.56860537170714,27.818729603575633
2001-07-13,-4.256326218465249,-17.26466753751319,38.18880500215524,28.432724164862673
2001-07-14,-4.798607251015215,-16.42813452340414,38.18595775111827,29.700018831968286
2001-07-15,-5.423836194417092,-15.819363577986971,38.55218122943342,30.47470481961825
2001-07-16,-6.066275191493903,-15.13640015890107,38.49637773504028,29.583094493087874
2001-07-17,-5.533721681505712,-13.736540710876525,38.6619745944906,27.49326814656876
2001-07-18,-5.933431653309138,-13.588928536356567,40.23927419456758,28.093127942802578
2001-07-19,-7.213842330108012,-15.12499593000168,41.097487602028664,26.90677934690255
2001-07-20,-6.391929949016349,-15.505148862884413,41.936663956735494,26.171204832720207
2001-07-21,-5.790071053115033,-14.541252482663205,41.62079904149328,26.419045254632213
2001-07-22,-5.512900595414592,-15.998763739829979,40.12900901367017,25.926720202652337
2001-07-23,-5.116348464354057,-15.73168123661892,39.77725999783334,26.571795313845058
2001-07-24,-5.086730598096579,-16.70402875008971,38.40416348564022,26.52638441350908
2001-07-25,-6.730664454437144,-17.491560684108542,39.0607642032875,26.688721648572773
2001-07-26,-4.80152026333234,-18.98784166979047,37.637728011838064,26.1222166497078
2001-07-27,-6.660287627728247,-18.887230775104555,36.063498041101056,24.78944908814261
2001-07-28,-5.43312896863512,-19.020104431866546,34.57849354981332,25.85322631242431
2001-07-29,-5.820912235139032,-19.077003291931128,34.20274998066901,27.098476076810517
2001-07-30,-5.42429678941092,-19.771542521872345,34.17582877063476,26.358087355539137
2001-07-31,-6.104922867156887,-16.814368525733936,33.02020101775235,25.956053876899496
2001-08-01,-6.212302916269717,-17.31506094888237,34.733852783154056,25.22947390199457
2001-08-02,-6.449292474353128,-18.6623398587212,33.84455565191914,23.39291407028728
2001-08-03,-5.580976301696659,-17.77660515555654,33.262515289980406,22.856712468080307
2001-08-04,-4.745799422842448,-16.606303204521474,34.75074455176965,23.44598149261849
2001-08-05,-4.642211220528598,-15.898740795035069,32.54538386748561,23.670789632790992
2001-08-06,-5.508970956623822,-16.3746957238359,31.873622821189286,22.119875570989326
2001-08-07,-4.328495604556774,-15.264041717505107,31.80486558712586,21.650450919961788
2001-08-08,-4.338916154201774,-14.5378044156955,32.610092398910645,21.095662546056808
2001-08-09,-4.120230243324991,-13.57773692041659,33.07947896717549,19.498027752820423
2001-08-10,-2.8950077385617132,-15.716997211506532,33.30346093879185,19.83417814064281
2001-08-11,-2.116425413394483,-14.992439861044769,33.20450105823196,16.944308998045777
2001-08-12,-2.110593257409884,-12.857306008362137,32.52065265001365,16.457047712689636
2001-08-13,-3.1909719479924137,-14.211482385009317,31.599262874204634,17.812748544061062
2001-08-14,-4.295512889684266,-13.875960837978234,31.957426311149696,18.30028731923732
2001-08-15,-3.105760427201767,-11.264029613114946,30.67838474100539,18.632918337404313
2001-08-16,-1.481895192433734,-12.263263660080339,31.111481783996183,18.02321130980102
2001-08-17,-2.4573084607208413,-12.552790964657348,32.125206685643164,18.606797370442575
2001-08-18,-3.082450651319477,-11.917159071645615,32.26193103324238,17.726878889360034
2001-08-19,-2.1780864779993934,-10.894254772301878,31.042149971888914,18.005204513747966
2001-08-20,-2.2573315650810994,-9.130136077479513,33.538309683188416,17.686418308971685
2001-08-21,-2.9264881011744497,-9.012656497596762,36.125369407335356,18.066933312542176
2001-08-22,-3.179333140654697,-9.92734966764475,36.207924953056434,17.34158880259656
2001-08-23,-1.4714038381092487,-10.867415969363964,37.93258316888558,17.646270797558472
2001-08-24,-3.276309342236579,-9.27392881092614,38.32483066381324,16.98963665373039
2001-08-25,-3.0986837780901886,-8.860478982000108,38.42428876578839,19.512232732055107
2001-08-26,-2.7743232318334328,-10.267282712799783,38.34670717925729,18.831601276397862
2001-08-27,-2.677819681381662,-9.368046676989922,36.13713207655048,19.438323415378274
2001-08-28,-3.3587900192977576,-8.393160683500692,34.81471116365937,19.88061836363591
2001-08-29,-2.49385811417803,-7.56306942988749,33.7702421635319,22.030043565234994
2001-08-30,-2.958059634936383,-7.577256796332566,33.142609583391916,21.70893027484768
2001-08-31,-3.2739615555707555,-6.825647660404844,33.742630101807144,22.40524304850043
2001-09-01,-4.058148489582025,-7.660528120251003,34.07045823817536,21.824193226367246
2001-09-02,-4.287036621488446,-7.268695297918584,34.07868375423511,21.786882311268272
2001-09-03,-4.45736038133093,-8.703022719824975,35.02034373296432,23.691111382491172
2001-09-04,-3.88676797727907,-8.083998120290559,35.44508988346636,24.528742921158944
2001-09-05,-2.7823196271751476,-7.94882752769137,36.97205212467583,26.545740086495883
2001-09-06,-2.0216564442601004,-8.220137038330378,36.16038761649271,27.580882496397358
2001-09-07,-2.587488708294233,-9.144146238401092,36.46136484697828,28.34354133814794
2001-09-08,-3.441010391109688,-8.24830261342733,35.463462594568796,28.894221299420664
2001-09-09,-1.5272369265296672,-7.781792915763582,36.54142012012173,29.863162161418877
2001-09-10,-0.6207917047448175,-8.88187545989553,35.72204598459379,29.92578468127099
2001-09-11,-1.5153038304610336,-8.218709929423502,34.39656674885205,28.928014483746566
2001-09-12,-1.475921007773763,-7.829233697215201,34.60656711838374,29.695626980609855
2001-09-13,-1.9496166983744598,-6.613846534623526,35.56822309359208,29.79174077217601
2001-09-14,-1.8264094150755483,-5.328039998751582,35.440797203556166,28.48137972898974
2001-09-15,-0.5469864672549525,-5.988485347667545,35.51666222197024,28.592881130552552
2001-09-16,0.2361565681767862,-5.474625740400645,34.83575214494995,28.07903038844353
2001-09-17,0.3447663646630583,-5.379541204401657,35.06508321751689,28.231211870112755
2001-09-18,0.27709306965515174,-5.955013390444505,35.94980556932142,26.35565531504409
2001-09-19,2.30301105820743,-5.623866375786966,36.20969318486226,27.156893587994524
2001-09-20,0.684321575669002,-4.960125543257684,35.151389775064395,26.144898932128953
2001-09-21,0.0067531430539522486,-4.842979313077735,35.325586235495145,26.489466701856426
2001-09-22,-0.6910857642609983,-2.046292733925848,34.87402285930779,24.591377193773454
2001-09-23,-0.2603189591190079,-1.8847254563791855,34.366461565977175,23.75389439466455
2001-09-24,-0.8642667582953671,-2.48504535110909,34.616777611002895,24.344433934170752
2001-09-25,-0.9602683316092285,-4.55309859080362,35.02126747891132,22.834695459483232
2001-09-26,-0.3545540348508113,-1.8860157240896767,37.193261652005006,21.72503074242127
2001-09-27,-0.811814236439911,-2.5176851730532133,37.98670597942399,21.01739419690893
2001-09-28,-2.731475754847758,-0.7251726760184181,39.089375679748414,19.09125228904534
2001-09-29,-2.3335036123435993,-0.9416368041024921,37.71610143786852,19.727718131400998
2001-09-30,-2.4786746498552557,-0.8560629091169708,36.83605122215546,19.41341120073948
2001-10-01,-3.412428189812109,-1.849743044964797,36.16846321116577,18.977843245306115
2001-10-02,-2.1095634427492884,-2.198111222729042,37.03556775856484,19.99712569616361
2001-10-03,-1.789372468374729,-2.062631935112852,37.239980948942026,18.625111592549825
2001-10-04,-3.6248652700965387,-1.9079154929106248,37.44714667090626,17.994157508668344
2001-10-05,-3.6642619682203446,-4.120764819895731,36.92332320840144,17.164591917714088
2001-10-06,-2.318505346838286,-3.8362788373487704,36.550729500843474,17.056057475331066
2001-10-07,-3.3496832235040936,-2.8101939367904887,37.031748260191726,18.656609460558464
2001-10-08,-4.4076518324014256,-4.274403833974694,37.14118542577989,18.575022963053097
2001-10-09,-4.5549289468478795,-4.4725454805204565,36.84691784173801,17.740680484905937
2001-10-10,-4.336967343663914,-4.692111248223354,35.92767514236366,15.909682976576981
2001-10-11,-5.327839842622489,-3.8294637570525807,37.144117006201476,15.934072112218109
2001-10-12,-6.221208839245684,-3.019449950495111,38.479501112498305,16.16604801830719
2001-10-13,-7.2125834923621195,-1.322838916710232,38.67876823855895,15.012758585981235
2001-10-14,-8.385021306756947,-2.75321908916599,38.81650997280872,16.115767195046743
2001-10-15,-8.49910871619842,-4.005143204239701,38.561243389196186,15.926464830307276
2001-10-16,-7.685553622239137,-4.355036095231448,39.32677567352049,15.80108638648436
2001-10-17,-7.849307002610964,-4.443055805532618,40.05899583947471,14.937454966204097
2001-10-18,-6.933301514267172,-4.092391077351557,39.32424691318896,16.473131288393603
2001-10-19,-6.838990100699752,-6.333496842754409,39.73825698898701,16.93659662363948
2001-10-20,-6.865829943421281,-7.397996991434618,39.58091855858646,16.615945048217178
2001-10-21,-7.290676524775562,-7.91064516822486,40.10005772834776,15.977965625222204
2001-10-22,-8.64761929832307,-8.51511165675813,39.59222625228248,15.707371125056738
2001-10-23,-10.081796420562762,-6.931400212013204,39.74541614257237,15.103072753450233
2001-10-24,-10.352638942421036,-5.423285299256676,40.42792151669556,15.24061230478139
2001-10-25,-10.256272392991674,-5.293442981934925,42.86260626733408,13.704976361408098
2001-10-26,-10.095384143028355,-6.350174041211659,42.064646870940244,11.511366481285327
2001-10-27,-8.410224040364513,-7.044775217376569,42.469807426955185,8.117087856314797
2001-10-28,-9.144664811181936,-8.161898707596864,41.42219357810947,6.203405566414073
2001-10-29,-9.682431977176577,-8.36143130157993,40.71524735552594,6.861250932107606
2001-10-30,-10.21539221396003,-8.924425040952714,40.660895260318604,6.244164315787224
2001-10-31,-10.228477914433837,-9.405238448658093,41.01862989005516,6.308996775817896
2001-11-01,-11.288201850832916,-9.478735788742386,41.67414535817254,7.9437172859210285
2001-11-02,-11.515654111035094,-9.835223139813342,42.46147779774014,8.440676554084444
2001-11-03,-11.414261651808323,-9.118626688534121,41.24206740921541,8.526931060378278
2001-11-04,-9.462919342585048,-9.726628984362913,41.26093545351854,8.24221822264957
2001-11-05,-10.584945696518853,-9.888522930887666,40.054305508106495,7.976870386742155
2001-11-06,-9.705872013591224,-10.020265504601431,38.57267795251769,7.650207115800086
2001-11-07,-9.293180728625961,-9.553734414466522,38.86574240857406,7.023032082091458
2001-11-08,-9.634063526354888,-9.14687194315795,38.49204340724289,6.915786202643177
2001-11-09,-10.637570179463877,-9.570321342916053,39.20118399292649,7.026679007557839
2001-11-10,-7.68477219708851,-9.418850690222659,38.31075954078379,6.621425812362296
2001-11-11,-5.716860372629683,-8.309801370054863,37.829523346698686,7.375573505316593
2001-11-12,-4.890362319936682,-6.228257408701598,38.67842365246728,9.089057916473994
2001-11-13,-3.5053037941985385,-7.53240868648334,38.27256449355834,8.187064051898496
2001-11-14,-4.4744120372693885,-7.404818675531529,36.52595097142563,9.083280496181771
2001-11-15,-3.5758172152900087,-7.792313662492543,38.059789683996534,7.773843616084234
2001-11-16,-4.004416352727325,-7.562974708336402,38.0545239946035,7.250167268160208
2001-11-17,-4.592505820121116,-6.943056499594845,37.357751613253235,7.79669236810889
2001-11-18,-4.5417139055696385,-5.694266707809894,38.16391077648919,9.273404491013004
2001-11-19,-5.08125085429014,-6.013580580008887,38.87795143328552,8.80290891320706
2001-11-20,-4.761190320206517,-5.266792844393294,37.674478168829616,7.909975260660057
2001-11-21,-4.93833996695088,-5.864153063978584,35.974568918416274,8.26854713227721
2001-11-22,-6.103387772095319,-3.7388280260402684,35.67630275790015,7.874273102869702
2001-11-23,-6.353154030170911,-3.299109195581979,37.37833673384876,8.174882903306568
2001-11-24,-8.294902449097428,-2.557440112557094,36.302310964726566,6.667515241619906
2001-11-25,-8.502076581661893,-4.161985536032495,35.9240465348227,6.9812057276784145
2001-11-26,-7.75675822424131,-5.093338297304905,35.97768663721909,5.681787744876234
2001-11-27,-6.33566096399071,-5.198926116611965,35.766051317215755,5.027410174565219
2001-11-28,-6.582126641225431,-4.7305889588601175,35.218183338966305,6.921402888240197
2001-11-29,-6.157805214943607,-5.367318204928358,35.4658406360175,7.1564359908655355
2001-11-30,-5.284021617466419,-4.07817646293936,36.99610253788369,6.9796111383778126
2001-12-01,-5.050689611793082,-3.3067991011111473,35.52540216974285,7.024514932700557
2001-12-02,-6.369829772843336,-2.030713340140619,36.11636718098441,7.898004441154339
2001-12-03,-6.9103954341107094,-1.3332434603655738,36.350570560995415,7.233322101166662
2001-12-04,-7.214403790521534,-1.8225219199317704,35.29322861362093,7.529991589393948
2001-12-05,-8.407714770621437,-2.8389910447480933,37.77030196667057,8.957353726697141
2001-12-06,-9.163140155004845,-1.7858174244070015,37.13628286786695,11.636124542519934
2001-12-07,-8.578482354332568,-0.6350973319391757,37.22051096492276,12.060814146704589
2001-12-08,-9.476790170667922,-1.3413327374346857,36.6156178220941,12.638738184330444
2001-12-09,-8.727039137273497,-1.8239881358918388,35.964459941388334,12.924050480561997
2001-12-10,-8.032142688092636,-1.1331070577641584,36.894185321364795,11.910559600731863
2001-12-11,-8.740106739825347,-2.0991604204036847,37.500459637786314,11.456550529875054
2001-12-12,-9.814356251728809,-1.8172319042443208,36.55354973068987,11.708611439674726
2001-12-13,-9.272998657269437,-1.5697407645259673,36.06246398974303,12.679222976018918
2001-12-14,-9.043715422550711,-1.5272352405831393,36.08148399479343,13.216740412528209
2001-12-15,-9.791990745464833,0.7324951476274597,35.77007088738123,12.35886242187542
2001-12-16,-9.18389100245877,0.7910897196800782,35.01279861871072,12.036458517968752
2001-12-17,-9.656755177591563,0.8159156201011465,36.652248232835,13.300698813313643
2001-12-18,-8.594246006187195,0.27390714730154786,37.27994611191755,14.756305981420901
2001-12-19,-7.926059131806944,1.0731363418649327,37.591541419586065,14.015821519616484
2001-12-20,-6.153411215461676,1.228903455524543,36.701842180037694,14.102535423753078
2001-12-21,-6.441164858271266,1.938097220286968,36.410491952028046,15.476241985753667
2001-12-22,-2.789750337785816,3.79652762032883,35.88729392715073,15.421639066771453
2001-12-23,-3.814816992844398,3.171293219891167,36.20372622656621,14.520529874113022
2001-12-24,-3.5903261859496185,3.91914700084062,36.37589450118082,15.313048200122266
2001-12-25,-3.9035237026557508,3.5226120648336225,37.750151025607934,13.785980488727215
2001-12-26,-3.4353292693095483,4.145785081826543,38.126204951456586,14.371530900408198
2001-12-27,-2.5085688263369934,4.453727248570243,36.58176961020311,13.99237290694923
2001-12-28,-2.3210534603151567,3.896029494345639,34.20070739417882,14.05701458484441
2001-12-29,-3.315601966084318,3.2111290180719396,34.21913358272413,15.770634730437541
2001-12-30,-3.479462774546033,2.7912072650183415,32.99608778765974,13.918405620905665
2001-12-31,-4.49478427073999,2.200933416361675,32.792708734841085,15.064947756453057
2002-01-01,-4.689490772033718,2.263926996980216,34.046790855516626,15.435797014211623
2002-01-02,-4.615539590420004,1.9996949601742091,34.64172032809886,15.43934906433429
2002-01-03,-4.382993420115444,0.5504519568307176,34.30191713933957,13.879114422424387
2002-01-04,-4.29071467134428,0.8646122444192165,34.20700067238582,14.765407778023066
2002-01-05,-4.8521968011659,0.9612786884164151,34.942932872605354,14.049955655773852
2002-01-06,-6.647118533989026,3.3735920057155298,33.82095181588361,13.165814750738852
2002-01-07,-7.936309077102393,5.105728352158199,32.45665706467469,13.318922362051682
2002-01-08,-9.381532312811572,5.725455965954065,33.790354246223664,13.757635764370521
2002-01-09,-9.771413782385274,6.033629492244003,35.55324598437363,13.938445081889741
2002-01-10,-10.94016866688853,6.371120142564721,36.58548819175276,15.076739919579786
2002-01-11,-12.345668730763126,6.38398255278667,36.091622559507584,14.435618392239451
2002-01-12,-12.160480452682148,8.372944600044011,37.005209676107896,16.24963077239049
2002-01-13,-13.027772615099233,9.269512271258181,37.08997051603504,14.400413218060613
2002-01-14,-12.376197478326485,8.623426040535263,38.679261380966366,13.364809499413983
2002-01-15,-11.732181016465631,9.360938922640507,38.198791376465685,14.891314179881212
2002-01-16,-13.215110313577084,10.587441428574214,38.4533710292048,15.48329801455712
2002-01-17,-13.139400146256909,9.473613602518581,37.59111417609062,18.12810034684417
2002-01-18,-11.474215373436962,9.208013707938882,37.3908653519243,18.609841452569512
2002-01-19,-10.498441698170357,9.048773033734797,37.46560070365298,18.280297990275184
2002-01-20,-9.411726572438969,8.22252936664587,36.810000233285116,18.49275325718573
2002-01-21,-7.472101041248672,9.156229205679125,36.86974652758702,18.89127313471138
2002-01-22,-6.811302810628365,7.268130998717168,37.505958501983656,20.09403368600918
2002-01-23,-5.427458978872702,6.596377229709161,37.07023828390751,20.51854445221388
2002-01-24,-6.729016653695018,6.098334354289014,37.64948410202277,20.66247216813124
2002-01-25,-6.704108665178946,5.553470944790724,37.68561531956071,21.93032736812524
2002-01-26,-7.073956726882716,5.951349430719711,37.51143914287911,21.413826850708723
2002-01-27,-8.34920253814733,6.4765184623004215,37.282804966112394,22.007067093849468
2002-01-28,-7.886238600484582,7.559619932820152,37.315152372009024,21.708808396869088
2002-01-29,-7.484831150147211,7.041009331221096,37.73556161475395,21.698659553656
2002-01-30,-6.3725221022109135,5.713340848493797,38.42505072849791,20.262393721360528
2002-01-31,-5.877817557538839,4.452718102437041,38.00506333938942,19.265497590509632
2002-02-01,-5.798945270254373,4.734037257235677,37.325800995732,18.073232078486992
2002-02-02,-5.38579025490596,4.533503382491785,38.78128040752475,19.128778011574994
2002-02-03,-5.055624874164747,5.6173869501714595,39.763076894183456,19.52053335952085
2002-02-04,-4.554994625211143,6.358736051166414,40.869169918610346,19.227229356161434
2002-02-05,-4.33530629583247,6.72282323296396,40.77245005007192,20.212099375072505
2002-02-06,-3.8415525507104564,6.243371955934038,42.44919090345933,20.438909935511756
2002-02-07,-2.7986883470858777,5.50981976121785,42.14411275765209,21.13868376226275
2002-02-08,-2.830768859343649,6.225256238886426,43.272531675569404,18.633737349931458
2002-02-09,-3.9093205979137213,5.865283971725631,42.383614823542736,19.115065411145416
2002-02-10,-3.468541022610666,6.531886422960819,41.94311454590658,19.12148558798454
2002-02-11,-2.701572305438774,6.989182843735785,42.36572891317847,17.29573628345022
2002-02-12,-1.8679745161368893,7.749160582435081,42.78441168567463,19.538808520593093
2002-02-13,-1.6396095547588296,8.43637811557394,42.33238463840826,18.18884502857903
2002-02-14,-1.6022975775766095,9.43661782751641,42.54402750428791,18.353597620738093
2002-02-15,-2.024861639772597,8.999293139078041,45.20951807422156,17.723312066243018
2002-02-16,-1.5238090494406147,8.750834029037845,44.9854300440126,17.815682718026615
2002-02-17,-0.1183588994465059,8.400982074901613,44.12720888450527,18.805408319927995
2002-02-18,0.7738720780955239,8.600967380275536,43.537791021110195,19.928237873806182
2002-02-19,1.029268678347903,8.00503735906856,43.88641041419584,22.30959152097838
2002-02-20,1.061484681544075,7.668033248608437,44.324442301277415,22.149927202227392
2002-02-21,0.40306955105041453,6.754483241404619,44.03624851080006,21.827778263551572
2002-02-22,0.792173573080926,6.395609499047557,44.73196876791881,20.96947470739284
2002-02-23,1.1887882763337558,6.7294876230519645,46.01936751502714,20.672679984474012
2002-02-24,2.291830694708747,4.018032819730392,46.983730778384775,19.484851322266802
2002-02-25,2.255382264774667,2.743273915297952,46.51429700507373,19.97199559999744
2002-02-26,2.1155704644727775,2.544647511524503,47.667958021159784,19.65698980927648
2002-02-27,3.6906626787096153,3.6062194505575316,48.18542558714608,19.875254489874813
2002-02-28,2.4614655416985816,3.7938815740647858,47.46532470462089,19.803466784387826
2002-03-01,4.842600871919911,3.7345229078870696,47.00526401318651,18.903126591624133
2002-03-02,4.970743538164645,4.165417420517306,47.22030634550425,20.049785077008803
2002-03-03,4.326549191211486,3.0038355004096227,47.446343805021876,19.099929237269418
2002-03-04,3.7095846950756934,4.5302759085256366,47.41990668647829,18.05778032378835
2002-03-05,3.02084020924649,4.21207219366362,48.16745640071675,18.35493346608643
2002-03-06,3.043697509942611,4.493922295274336,47.39463343754684,18.175379112319508
2002-03-07,2.706170553305439,4.943569947558542,48.27959441310559,18.69364801100609
2002-03-08,4.0387850786154385,5.148807412676793,48.244451612689076,18.588682128227795
2002-03-09,3.756761394379911,5.214542951272146,47.757429329375434,17.2959973198728
2002-03-10,5.1919196925956,6.245630406608371,47.86185595653377,18.880308637460836
2002-03-11,3.824813471409772,4.973914461177049,47.75853989749722,20.007078641487904
2002-03-12,2.773247224978988,5.490597581895254,46.15291432358668,19.12402479372829
2002-03-13,2.7018388881565176,7.276546245109974,46.13744393575015,19.462929255486284
2002-03-14,2.1737050223858887,7.517028839953318,45.62281953726807,19.049135366671706
2002-03-15,2.667860636976111,8.34641312191649,43.426672548746154,18.255220179475188
2002-03-16,2.0085658227928245,7.658518860089628,42.56575695042302,18.809954332341857
2002-03-17,3.00648527024687,8.735451472958161,41.50533298443098,19.895346504039146
2002-03-18,3.2914085243664957,6.697122558545767,41.322321616742194,17.493824498621855
2002-03-19,4.412966625478703,7.267902389074086,43.053889090402464,17.433544132048624
2002-03-20,3.9349804184393404,6.780323037662437,43.0763589680527,19.647438348401515
2002-03-21,2.5271045997574046,7.850046297266037,42.764696228882165,19.14846438511763
2002-03-22,2.006684337906611,9.952251983228376,43.69099278812635,19.952570610556375
2002-03-23,2.560445318416361,9.181304519884362,44.38986609558636,20.116117985478095
2002-03-24,2.041861033671034,7.5249945535031095,43.31290763697234,20.45008895558692
2002-03-25,1.3565362285021196,7.532734229294179,43.604022314948296,20.73861681682903
2002-03-26,1.6586315060109955,8.217758377914318,44.580088327421926,20.03031803226068
2002-03-27,1.0134567198182647,7.206229995940323,45.59439084198849,21.048635629592674
2002-03-28,1.544550047966212,7.888983334896092,44.840023444538225,22.34544731325605
2002-03-29,2.529134890391244,7.988411050025944,45.3068498444104,22.30032595425141
2002-03-30,0.5622074942874282,6.445159324856823,43.9031245264654,23.778270361601535
2002-03-31,-0.6541345309829243,6.80870344987854,44.57497593988569,24.284714262789066
2002-04-01,-0.5595365628821857,5.885817672172023,45.27710397248034,24.35202015369114
2002-04-02,-0.6039406551458871,6.23908635500168,46.93599242987677,24.857773196423416
2002-04-03,-0.03127642904065686,7.626274972352382,46.98439334321283,21.949535377645955
2002-04-04,1.0167802575856044,10.305204386870713,45.922424204829184,22.524779694997154
2002-04-05,1.219395039370187,8.83124573228146,45.47092410085565,22.700860329609633
2002-04-06,1.2876059546874243,7.812378384693083,44.955585520713136,22.369921650285843
2002-04-07,3.7182349558991987,8.915597204189602,45.31305922841296,23.120829525510644
2002-04-08,2.343576541406822,8.905441683192738,44.08495237207676,24.2202997130583
2002-04-09,2.3511164710309918,9.073459326909695,41.64295537679263,24.38972472868139
2002-04-10,3.43253462401201,9.134621757519815,40.237513173767354,23.522431413226474
2002-04-11,3.900560736037469,8.002773085543208,38.938679262003745,25.11098109214992
2002-04-12,4.495893673199383,8.313940600087777,38.81466641217207,24.425928213473167
2002-04-13,5.707960271991654,7.00039052565887,40.49045624305173,23.419779881480096
2002-04-14,4.171341185459729,7.2244653067064535,41.599567335706126,23.012492606674385
2002-04-15,3.547194534662509,7.23475167850402,40.25349176141363,23.792541050835542
2002-04-16,3.7655458235269883,6.436785941428573,39.574645921881974,23.76087071723804
2002-04-17,5.058057803889109,5.621355069644432,38.61519403797799,24.644386819508412
2002-04-18,3.5587406115922033,5.890344853177,39.69378572695437,25.830230884335776
2002-04-19,3.3035104771807173,4.763178073891861,39.207746620382125,24.548056680595206
2002-04-20,0.6470308694849027,4.922559474602217,39.63367423579362,24.92339492739858
2002-04-21,-0.08836167108627735,4.579709378492814,39.920741360530165,23.83914424169185
2002-04-22,-0.0933153562319392,5.719424687119765,39.67923064122027,23.467550293807058
2002-04-23,1.011608192305418,3.3906183918583337,39.859631700798786,22.121889207520155
2002-04-24,1.4506584941469103,3.517096206091797,40.068826239757364,22.44086855022113
2002-04-25,1.4888079646749324,4.776074641293366,39.18561066681642,22.05224882970448
2002-04-26,1.0301431752961228,5.301911465682533,38.046061109090054,21.54769898317953
2002-04-27,2.23389827238777,5.274826780231761,41.130252311767244,20.896722050443472
2002-04-28,3.1293712517201735,5.141185189012326,42.68798490889659,20.572398071413105
2002-04-29,4.327015582729208,6.609760045504088,44.085883631017836,19.860254752754546
2002-04-30,4.534077918452736,7.264582115905361,41.9903813007492,18.380477624648183
2002-05-01,5.544572245558143,9.363496143571421,40.82610984255231,18.327192830741293
2002-05-02,4.333405961932478,8.911718575268559,40.48065431607789,18.843618134257202
2002-05-03,4.057126035423167,9.1479064352648,40.242025824624996,17.56549627133082
2002-05-04,4.953630733717598,9.702132325052542,40.27186977673994,16.34985606152523
2002-05-05,3.8888393196138145,10.900896714790447,41.420411257945425,15.327485269845717
2002-05-06,2.1437826679367333,11.316484764257604,41.91850279754055,13.830443699834253
2002-05-07,0.44284753153581913,12.171305129018391,42.39570394367683,13.935453493956269
2002-05-08,2.4948163783877524,11.585089518086786,41.59689273887312,15.305874731230087
2002-05-09,3.194498357291153,12.001068391226278,42.63156482437755,16.488249758892493
2002-05-10,2.5870356698228987,11.022406040384727,43.40429968220651,18.16620004570259
2002-05-11,1.6578205144043592,10.00228113846153,43.70532631363851,18.781021183144524
2002-05-12,-0.28937598876599413,10.503210969781872,44.01946332809107,17.96954317366972
2002-05-13,0.43286651232556417,9.874733925895544,42.68047891693552,17.10035529823423
2002-05-14,0.5686253254842383,9.513535150107879,43.35230914074819,17.202243272297945
2002-05-15,0.25920228669920414,8.547511827053034,42.87217403782104,16.273327417648733
2002-05-16,0.6334077472969345,8.953984936856042,42.68016426538675,15.912682813265047
2002-05-17,1.214558931929406,10.260951484882819,43.70670866785868,15.71771986817132
2002-05-18,0.4327404544013338,10.441049690446077,44.58207592228486,15.504539573599509
2002-05-19,1.0288097828101113,10.854084319511841,43.87551448698109,15.698686185067503
2002-05-20,2.637186413739868,10.338796372136667,42.98884250633164,17.94119623375956
2002-05-21,2.6370594336436075,10.122922694937005,44.08380932096281,18.74716365363292
2002-05-22,2.285251130801302,11.304361498399626,44.10831580432145,16.584051952319882
2002-05-23,2.428225234497737,12.155772174476802,45.673581535900134,17.54978776567197
2002-05-24,1.347995070932792,12.706495928696595,45.30407343959408,18.275478283909596
2002-05-25,-0.7364211072794322,12.495316118576223,47.520628436528085,17.626528176002406
2002-05-26,-0.41000543089883706,13.553277504470495,48.333653332765046,17.640178554375368
2002-05-27,0.32050673003544466,14.721855277677689,49.60134550025431,19.352036548771498
2002-05-28,-0.1361739440438059,14.747835257079158,48.82913149787124,20.628568913808127
2002-05-29,0.3499563150036422,15.300246798444796,48.91146388314197,21.6591095255409
2002-05-30,1.4344373288289838,16.836275094901993,47.57262711979155,22.061247988174173
2002-05-31,0.9383186819053322,15.521851078652123,47.67008997720791,23.202552877150424
2002-06-01,0.615416574958773,16.00828376709014,46.49473299910633,22.743490160334982
2002-06-02,0.8445631864151693,16.633815035668658,47.14884527231726,21.829077826631927
2002-06-03,0.022159680092451173,15.466155881700319,48.58424497540291,22.307052950262896
2002-06-04,0.5520454281984988,16.48995198889322,49.71817666293388,22.32968649632046
2002-06-05,2.783828769053584,16.985954452479017,50.11618558548381,20.354240600311044
2002-06-06,3.128502997325933,16.861688060594787,48.98754695367715,20.15182925159077
2002-06-07,5.926502908763456,17.23749062741776,49.96053363622036,19.68077315532448
2002-06-08,3.8140701237778316,18.086091859417394,52.258733067471994,18.75134480501763
2002-06-09,3.384404924307676,19.8010077681871,51.70317260882028,19.574146399199012
2002-06-10,2.341593251031334,21.161882419517788,53.34537582895815,19.681556068560138
2002-06-11,3.757420153411136,20.236882684600058,53.09436334678426,18.761165683006485
2002-06-12,3.8086755450544314,18.854109161415053,53.94042848084379,18.148749052850828
2002-06-13,4.745663955026535,20.541057713468277,53.085631072418465,18.052342018747666
2002-06-14,5.863605347983373,20.30314202719062,51.167587286687116,17.961034740063553
2002-06-15,6.001012968667816,20.147708019273168,51.05973484329739,18.17039028426585
2002-06-16,6.676676373344711,18.718141900021237,51.235360131753595,18.073103717708058
2002-06-17,5.344309039849903,20.030457380094123,52.381249432212336,19.745306576252194
2002-06-18,6.511704230544376,18.734773243669146,53.40590515919779,18.688206319734306
2002-06-19,7.696770379841944,18.527254246956236,53.141487693649076,18.164657071417682
2002-06-20,8.189974152788826,19.1295163124155,53.90201334394881,18.79575612169528
2002-06-21,7.184207078285115,18.737896676205615,52.95100560425501,20.44710897478222
2002-06-22,6.289047617313136,18.33314783834775,53.59526970486692,19.89986887434142
2002-06-23,4.8881327146069795,19.848626400462912,54.51169770463122,20.600227504565282
2002-06-24,5.393281794929864,19.11305314315764,53.581274052447306,19.64899838531888
2002-06-25,5.6889627952808395,17.470554349343775,54.336910753666224,20.44137216942149
2002-06-26,5.752818375940513,17.126951108228745,53.6608146248885,20.893826726140876
2002-06-27,4.552735146795786,16.639678207822143,51.5894385402484,21.186172011299476
2002-06-28,4.070155552296694,17.56730253031106,52.33738581360848,19.62815888464755
2002-06-29,5.491833588392295,18.46269502078707,52.58774627759441,19.24581095647198
2002-06-30,5.2202196453538345,18.164931676621656,52.635553169706355,20.721495289300947
2002-07-01,6.34332414467605,18.10286152120078,51.36065537661566,21.81356713573227
2002-07-02,6.217196655259514,17.963910708332154,50.75074865448813,21.786496333322535
2002-07-03,4.866430125511547,17.408754403573393,48.54930519810127,20.680184785322137
2002-07-04,4.1682188557043895,20.113648336522996,48.783092582039124,21.134532667479785
2002-07-05,2.783318612649265,20.94842566819262,48.923376579776885,20.409490151725898
2002-07-06,2.09934167713858,20.765085284361163,49.33626896767323,21.34661743089137
2002-07-07,0.2831190884355075,22.934668164628196,49.179270032207484,23.800867444046496
2002-07-08,3.0504213148396335,22.77416014357744,50.03275846277204,23.277461110096738
2002-07-09,2.3880712080638506,21.8731679156056,50.3154615155219,22.69574154268941
2002-07-10,2.1675559196949403,22.49522160893696,51.01338136207244,22.00151911267851
2002-07-11,2.541344003368999,23.06549998137079,50.66096723290713,22.357950367351354
2002-07-12,3.918329763237949,23.39273312921373,50.010523336127875,21.840233390625553
2002-07-13,2.3915881510752737,22.02571604741098,49.92939845743835,24.79172553693759
2002-07-14,1.5144649925795977,22.57845765966326,48.615382738828124,23.823407057004342
2002-07-15,0.9064460338024508,23.46878078541376,47.169267996752765,23.67179032878613
2002-07-16,-0.33232467056593096,22.42539595872397,46.58631902145816,23.87602169645651
2002-07-17,-0.543906492415174,22.746317562095953,46.63079575643451,23.698327920220184
2002-07-18,-0.5041462959588046,22.447320341222287,46.73321069323724,22.064131274648812
2002-07-19,0.8409374313152214,22.18545682502947,46.92166625129056,21.328062961606317
2002-07-20,0.011330132121531222,23.465686610816768,47.75922129597211,21.72628501881627
2002-07-21,-1.5861724151438072,23.38657269287199,47.22052809264964,23.137004939376883
2002-07-22,-1.4266459204112345,21.293287028883785,47.48339788338097,23.371662823669045
2002-07-23,-1.9711585082085814,23.135979754368872,47.442642944020434,23.85128593838378
2002-07-24,-2.9375431565100634,21.607787374215036,47.40653743057485,25.420086449321374
2002-07-25,-2.3109652145346917,21.65445377770993,49.21436776821616,25.687017932711456
2002-07-26,-0.8099084500493041,22.70971066468153,50.16536425282367,25.347229317366082
2002-07-27,-0.677694870331866,21.472302848331015,50.49400561743657,26.347443635979452
2002-07-28,-1.2670231521629687,21.843676976997752,50.88449418196423,27.296679007873244
2002-07-29,-0.580607761291094,22.333244300734368,50.57456664620539,25.742942016904905
2002-07-30,-1.2479747959829255,23.014254957170735,48.604071461117606,26.25936835848834
2002-07-31,-1.319347733154335,21.98850656102839,49.19124987286087,27.175953237368795
2002-08-01,-1.2387979726425769,21.571347062570013,48.459917713061756,26.873060631636026
2002-08-02,0.0972951116657017,20.758004172910482,49.51765939939822,26.958276579582012
2002-08-03,0.22426848527542584,20.31976197930859,48.28091176491984,25.359358013283842
2002-08-04,0.003003751102187341,20.370872044506626,47.37802939822986,26.38974451204471
2002-08-05,-0.0779817395785215,21.045340373695346,47.32386287269079,25.905391955525673
2002-08-06,2.248946484308619,22.346882367971652,47.87482334878819,26.5554002439721
2002-08-07,2.5171328896815366,23.081485746673795,47.60730831292967,27.303365503585283
2002-08-08,3.2448219996865393,21.70034101234167,47.295537133360305,27.69914273867489
2002-08-09,3.014196449650006,20.514545663145757,48.51602572427088,26.317541736180743
2002-08-10,3.0309017092003163,20.962512509189125,49.01464527174129,26.926089261559213
2002-08-11,1.4797352282920668,19.778737869059583,48.549105426784564,26.717520174184372
2002-08-12,0.9794425464249307,19.833556136460025,47.97906282493343,24.646938533172378
2002-08-13,1.1070032072814135,21.35221501498115,46.96830588095072,25.554318344687164
2002-08-14,0.9303837487669205,20.72322913794653,47.456975038936065,26.01221258321413
2002-08-15,1.4770430800705374,20.118949721437886,46.08249637749185,25.865338554338486
2002-08-16,1.5772790647393116,18.401542987803936,47.7383025837045,27.105887934605533
2002-08-17,0.817430934627466,17.662283356326434,47.98122381071063,27.52010755309337
2002-08-18,0.7404990003230928,16.370489595774735,49.26723732782934,27.671669567834066
2002-08-19,0.9277462271234871,17.361698462714184,48.71573033040827,28.262518695827346
2002-08-20,0.6824940227347996,17.16400607640416,49.099424487602136,28.421737321395792
2002-08-21,3.1189492981290194,16.150351145037554,48.632073944298114,29.34193601873008
2002-08-22,4.228035543439209,16.258355842042775,48.52165492242542,29.4291581341451
2002-08-23,4.387848012736814,15.43283179685905,49.951942799520616,29.614282554725555
2002-08-24,5.099980800630343,16.922585908384196,50.41658576211501,29.271258478535866
2002-08-25,5.752264879229351,16.54528800027511,51.77402881443669,26.988205519151965
2002-08-26,6.742270253265142,18.268115737246816,53.75596142064347,27.856884196201598
2002-08-27,7.3470252985257885,19.083696952527465,54.6040483222086,27.422384163157588
2002-08-28,7.777893850404136,18.989292787761407,53.70103908016371,27.99320426122273
2002-08-29,9.337297294919424,18.389331400773646,53.029620951408475,27.75893059729047
2002-08-30,10.369141749542123,19.89519778512434,50.680348432493325,27.494664071831835
2002-08-31,10.578894063781377,20.206724280340516,51.23492117442001,26.93369058906138
2002-09-01,9.82575752586717,19.857024611356003,50.499842748155224,26.405013960546427
2002-09-02,10.283486322178119,18.81367693949883,50.42784727245453,26.822447718729652
2002-09-03,10.666604229926032,17.43680309204099,49.613451342224366,28.308100943191256
2002-09-04,9.9489210181023,16.150922652341446,48.17604692075958,27.760303955120357
2002-09-05,10.334449590583363,16.12506413442655,45.63249950804352,29.68856992470799
2002-09-06,9.195330518535965,15.858402263907225,45.2809576940589,27.718233248806836
2002-09-07,10.452286000797969,16.90177707942376,44.482427770889295,28.009939949599506
2002-09-08,11.04502484555175,14.365436779423003,44.302058518978974,27.83998709438185
2002-09-09,11.619297086389208,14.17648913743237,45.23028579669802,27.91050832087973
2002-09-10,12.069067298209788,15.66774958791154,44.2398947415888,28.81140804935172
2002-09-11,11.532994312676614,15.217430133516133,43.43127993049003,30.01676248286786
2002-09-12,13.557087811442024,14.83500635587318,43.505370809426545,29.83016672692918
2002-09-13,13.043073612858514,14.196383061056068,44.395002566948754,30.998424638297127
2002-09-14,11.379575000947668,13.710976448213469,43.88368853594992,32.33924399753189
2002-09-15,11.142660253204951,13.399205810660206,44.63226975757498,32.39280414720068
2002-09-16,12.083966882835089,14.60312262559795,43.123379727521986,32.48291028818197
2002-09-17,12.107146904369497,12.842716089904217,41.86140683860532,30.57635898187555
2002-09-18,11.219599762773909,12.163782142955828,41.34709283275248,29.595099704297407
2002-09-19,10.258008997343477,10.544964020879277,42.18648388553373,28.878986208450183
2002-09-20,10.483572702029242,12.377769190434993,42.77644475481073,28.311811928794928
2002-09-21,12.776015899174544,12.59308477581875,43.02504926157996,28.655763516774968
2002-09-22,11.914898899396979,11.407233930781548,41.006135862081244,27.789295652288743
2002-09-23,11.956448352489183,11.449662299952193,42.47652089211252,26.52347319282966
2002-09-24,11.258101794043208,11.295391035807805,43.54071844579905,27.578322430293948
2002-09-25,12.76379783312898,10.827927304275955,43.284907476439,27.460159645342497
2002-09-26,11.04387163411515,9.577512691712185,43.68904128788464,27.370756195675742
